modelo,familia,modo,MAE,RMSE,MAPE%,y_true,y_pred,scope,programa,y_true_total,y_pred_total,fold,n_train
ARIMA,Estatístico,GLOBAL,,,,21675.0,,GLOBAL,TODOS,,,2023,2
ETS,Estatístico,GLOBAL,3075.0,3075.0,14.19,21675.0,18600.000000063566,GLOBAL,TODOS,,,2023,2
ETS_notrend,Estatístico,GLOBAL,11077.63,11077.63,51.11,21675.0,32752.63378663739,GLOBAL,TODOS,,,2023,2
LinearRegression,ML Clássico,GLOBAL,2064.01,2537.45,43.65,,,GLOBAL,TODOS,21675.0,15483.0,2023,2
DecisionTree,ML Clássico,GLOBAL,2279.34,2634.18,29.57,,,GLOBAL,TODOS,21675.0,24994.0,2023,2
RandomForest,ML Moderno,GLOBAL,2793.51,3406.26,34.15,,,GLOBAL,TODOS,21675.0,24222.0,2023,2
LightGBM,ML Moderno,GLOBAL,3238.88,3887.56,39.94,,,GLOBAL,TODOS,21675.0,24119.0,2023,2
Naive,Baseline,GLOBAL,6461.67,9123.73,71.35,,,GLOBAL,TODOS,21675.0,37470.0,2023,2
ARIMA,Estatístico,POR_SETOR,,,,4072.0,,POR_SETOR,FRUTICULTURA IRRIGADA,,,2023,2
ETS,Estatístico,POR_SETOR,1068.0,1068.0,26.23,4072.0,3003.999999963693,POR_SETOR,FRUTICULTURA IRRIGADA,,,2023,2
ETS_notrend,Estatístico,POR_SETOR,1248.0,1248.0,30.65,4072.0,5320.000693364716,POR_SETOR,FRUTICULTURA IRRIGADA,,,2023,2
LinearRegression,ML Clássico,POR_SETOR,2793.92,2793.92,68.61,,,POR_SETOR,FRUTICULTURA IRRIGADA,4072.0,1278.0,2023,2
DecisionTree,ML Clássico,POR_SETOR,486.5,486.5,11.95,,,POR_SETOR,FRUTICULTURA IRRIGADA,4072.0,4558.0,2023,2
RandomForest,ML Moderno,POR_SETOR,796.97,796.97,19.57,,,POR_SETOR,FRUTICULTURA IRRIGADA,4072.0,3275.0,2023,2
LightGBM,ML Moderno,POR_SETOR,1412.0,1412.0,34.68,,,POR_SETOR,FRUTICULTURA IRRIGADA,4072.0,2660.0,2023,2
Naive,Baseline,POR_SETOR,2020.0,2020.0,49.61,,,POR_SETOR,FRUTICULTURA IRRIGADA,4072.0,6092.0,2023,2
ARIMA,Estatístico,POR_SETOR,,,,6049.0,,POR_SETOR,PESCA ARTESANAL,,,2023,2
ETS,Estatístico,POR_SETOR,3081.0,3081.0,50.93,6049.0,9129.999999973243,POR_SETOR,PESCA ARTESANAL,,,2023,2
ETS_notrend,Estatístico,POR_SETOR,576.0,576.0,9.52,6049.0,5473.002816270959,POR_SETOR,PESCA ARTESANAL,,,2023,2
LinearRegression,ML Clássico,POR_SETOR,234.84,234.84,3.88,,,POR_SETOR,PESCA ARTESANAL,6049.0,6284.0,2023,2
DecisionTree,ML Clássico,POR_SETOR,1091.77,1091.77,18.05,,,POR_SETOR,PESCA ARTESANAL,6049.0,4957.0,2023,2
RandomForest,ML Moderno,POR_SETOR,1924.41,1924.41,31.81,,,POR_SETOR,PESCA ARTESANAL,6049.0,4125.0,2023,2
LightGBM,ML Moderno,POR_SETOR,1490.1,1490.1,24.63,,,POR_SETOR,PESCA ARTESANAL,6049.0,4559.0,2023,2
Naive,Baseline,POR_SETOR,1795.0,1795.0,29.67,,,POR_SETOR,PESCA ARTESANAL,6049.0,4254.0,2023,2
ARIMA,Estatístico,POR_SETOR,,,,11554.0,,POR_SETOR,ZONA CANAVIEIRA,,,2023,2
ETS,Estatístico,POR_SETOR,5088.0,5088.0,44.04,11554.0,6465.999999962909,POR_SETOR,ZONA CANAVIEIRA,,,2023,2
ETS_notrend,Estatístico,POR_SETOR,10405.63,10405.63,90.06,11554.0,21959.633192329846,POR_SETOR,ZONA CANAVIEIRA,,,2023,2
LinearRegression,ML Clássico,POR_SETOR,5624.26,5624.26,48.68,,,POR_SETOR,ZONA CANAVIEIRA,11554.0,5930.0,2023,2
DecisionTree,ML Clássico,POR_SETOR,4261.24,4261.24,36.88,,,POR_SETOR,ZONA CANAVIEIRA,11554.0,15815.0,2023,2
RandomForest,ML Moderno,POR_SETOR,5399.6,5399.6,46.73,,,POR_SETOR,ZONA CANAVIEIRA,11554.0,16954.0,2023,2
LightGBM,ML Moderno,POR_SETOR,5135.58,5135.58,44.45,,,POR_SETOR,ZONA CANAVIEIRA,11554.0,16690.0,2023,2
Naive,Baseline,POR_SETOR,15570.0,15570.0,134.76,,,POR_SETOR,ZONA CANAVIEIRA,11554.0,27124.0,2023,2
ARIMA,Estatístico,GLOBAL,2248.68,2248.68,10.86,20698.0,22946.680776880694,GLOBAL,TODOS,,,2024,3
ETS,Estatístico,GLOBAL,7433.19,7433.19,35.91,20698.0,13264.808926864895,GLOBAL,TODOS,,,2024,3
ETS_notrend,Estatístico,GLOBAL,977.0,977.0,4.72,20698.0,21675.00009477139,GLOBAL,TODOS,,,2024,3
LinearRegression,ML Clássico,GLOBAL,2305.86,2374.15,35.17,,,GLOBAL,TODOS,20698.0,13780.0,2024,3
DecisionTree,ML Clássico,GLOBAL,1682.57,2191.12,20.39,,,GLOBAL,TODOS,20698.0,25746.0,2024,3
RandomForest,ML Moderno,GLOBAL,1211.29,1262.44,21.75,,,GLOBAL,TODOS,20698.0,19780.0,2024,3
LightGBM,ML Moderno,GLOBAL,683.99,967.56,13.87,,,GLOBAL,TODOS,20698.0,18646.0,2024,3
Naive,Baseline,GLOBAL,2460.33,3657.36,26.57,,,GLOBAL,TODOS,20698.0,28035.0,2024,3
ARIMA,Estatístico,POR_SETOR,336.97,336.97,7.37,4570.0,4233.029895639207,POR_SETOR,FRUTICULTURA IRRIGADA,,,2024,3
ETS,Estatístico,POR_SETOR,1686.0,1686.0,36.89,4570.0,2883.9995766625875,POR_SETOR,FRUTICULTURA IRRIGADA,,,2024,3
ETS_notrend,Estatístico,POR_SETOR,498.0,498.0,10.9,4570.0,4072.000007092953,POR_SETOR,FRUTICULTURA IRRIGADA,,,2024,3
LinearRegression,ML Clássico,POR_SETOR,1674.43,1674.43,36.64,,,POR_SETOR,FRUTICULTURA IRRIGADA,4570.0,2896.0,2024,3
DecisionTree,ML Clássico,POR_SETOR,332.78,332.78,7.28,,,POR_SETOR,FRUTICULTURA IRRIGADA,4570.0,4237.0,2024,3
RandomForest,ML Moderno,POR_SETOR,630.71,630.71,13.8,,,POR_SETOR,FRUTICULTURA IRRIGADA,4570.0,3939.0,2024,3
LightGBM,ML Moderno,POR_SETOR,2876.94,2876.94,62.95,,,POR_SETOR,FRUTICULTURA IRRIGADA,4570.0,1693.0,2024,3
Naive,Baseline,POR_SETOR,22.0,22.0,0.48,,,POR_SETOR,FRUTICULTURA IRRIGADA,4570.0,4548.0,2024,3
ARIMA,Estatístico,POR_SETOR,232.01,232.01,4.17,5567.0,5799.009941920228,POR_SETOR,PESCA ARTESANAL,,,2024,3
ETS,Estatístico,POR_SETOR,1893.01,1893.01,34.0,5567.0,7460.012447556608,POR_SETOR,PESCA ARTESANAL,,,2024,3
ETS_notrend,Estatístico,POR_SETOR,98.0,98.0,1.76,5567.0,5664.999866366733,POR_SETOR,PESCA ARTESANAL,,,2024,3
LinearRegression,ML Clássico,POR_SETOR,1837.73,1837.73,33.01,,,POR_SETOR,PESCA ARTESANAL,5567.0,7405.0,2024,3
DecisionTree,ML Clássico,POR_SETOR,173.7,173.7,3.12,,,POR_SETOR,PESCA ARTESANAL,5567.0,5741.0,2024,3
RandomForest,ML Moderno,POR_SETOR,985.38,985.38,17.7,,,POR_SETOR,PESCA ARTESANAL,5567.0,6552.0,2024,3
LightGBM,ML Moderno,POR_SETOR,2255.09,2255.09,40.51,,,POR_SETOR,PESCA ARTESANAL,5567.0,7822.0,2024,3
Naive,Baseline,POR_SETOR,1125.0,1125.0,20.21,,,POR_SETOR,PESCA ARTESANAL,5567.0,6692.0,2024,3
ARIMA,Estatístico,POR_SETOR,2416.01,2416.01,22.88,10561.0,12977.012504456186,POR_SETOR,ZONA CANAVIEIRA,,,2024,3
ETS,Estatístico,POR_SETOR,7640.18,7640.18,72.34,10561.0,2920.815592004159,POR_SETOR,ZONA CANAVIEIRA,,,2024,3
ETS_notrend,Estatístico,POR_SETOR,993.0,993.0,9.4,10561.0,11554.000078096988,POR_SETOR,ZONA CANAVIEIRA,,,2024,3
LinearRegression,ML Clássico,POR_SETOR,11048.25,11048.25,104.61,,,POR_SETOR,ZONA CANAVIEIRA,10561.0,-487.0,2024,3
DecisionTree,ML Clássico,POR_SETOR,1364.5,1364.5,12.92,,,POR_SETOR,ZONA CANAVIEIRA,10561.0,9196.0,2024,3
RandomForest,ML Moderno,POR_SETOR,1158.69,1158.69,10.97,,,POR_SETOR,ZONA CANAVIEIRA,10561.0,9402.0,2024,3
LightGBM,ML Moderno,POR_SETOR,996.28,996.28,9.43,,,POR_SETOR,ZONA CANAVIEIRA,10561.0,9565.0,2024,3
Naive,Baseline,POR_SETOR,6234.0,6234.0,59.03,,,POR_SETOR,ZONA CANAVIEIRA,10561.0,16795.0,2024,3
ARIMA,Estatístico,GLOBAL,814.95,814.95,4.06,20070.0,20884.95080897237,GLOBAL,TODOS,,,2025,4
ETS,Estatístico,GLOBAL,7269.49,7269.49,36.22,20070.0,12800.511891850852,GLOBAL,TODOS,,,2025,4
ETS_notrend,Estatístico,GLOBAL,628.0,628.0,3.13,20070.0,20698.000014558434,GLOBAL,TODOS,,,2025,4
LinearRegression,ML Clássico,GLOBAL,3103.93,3302.71,49.25,,,GLOBAL,TODOS,20070.0,10758.0,2025,4
DecisionTree,ML Clássico,GLOBAL,3399.01,3719.18,56.4,,,GLOBAL,TODOS,20070.0,30267.0,2025,4
RandomForest,ML Moderno,GLOBAL,434.95,564.14,7.78,,,GLOBAL,TODOS,20070.0,21375.0,2025,4
LightGBM,ML Moderno,GLOBAL,872.75,1154.77,10.88,,,GLOBAL,TODOS,20070.0,17452.0,2025,4
Naive,Baseline,GLOBAL,830.33,1294.06,9.24,,,GLOBAL,TODOS,20070.0,22299.0,2025,4
ARIMA,Estatístico,POR_SETOR,181.19,181.19,4.31,4203.0,4384.194611407871,POR_SETOR,FRUTICULTURA IRRIGADA,,,2025,4
ETS,Estatístico,POR_SETOR,865.0,865.0,20.58,4203.0,5067.999972373245,POR_SETOR,FRUTICULTURA IRRIGADA,,,2025,4
ETS_notrend,Estatístico,POR_SETOR,367.0,367.0,8.73,4203.0,4569.999992579222,POR_SETOR,FRUTICULTURA IRRIGADA,,,2025,4
LinearRegression,ML Clássico,POR_SETOR,17039.87,17039.87,405.42,,,POR_SETOR,FRUTICULTURA IRRIGADA,4203.0,-12837.0,2025,4
DecisionTree,ML Clássico,POR_SETOR,517.0,517.0,12.3,,,POR_SETOR,FRUTICULTURA IRRIGADA,4203.0,4720.0,2025,4
RandomForest,ML Moderno,POR_SETOR,642.01,642.01,15.28,,,POR_SETOR,FRUTICULTURA IRRIGADA,4203.0,4845.0,2025,4
LightGBM,ML Moderno,POR_SETOR,138.51,138.51,3.3,,,POR_SETOR,FRUTICULTURA IRRIGADA,4203.0,4342.0,2025,4
Naive,Baseline,POR_SETOR,131.0,131.0,3.12,,,POR_SETOR,FRUTICULTURA IRRIGADA,4203.0,4072.0,2025,4
ARIMA,Estatístico,POR_SETOR,551.83,551.83,9.32,5923.0,5371.174909203666,POR_SETOR,PESCA ARTESANAL,,,2025,4
ETS,Estatístico,POR_SETOR,541.51,541.51,9.14,5923.0,6464.506555525054,POR_SETOR,PESCA ARTESANAL,,,2025,4
ETS_notrend,Estatístico,POR_SETOR,282.5,282.5,4.77,5923.0,5640.500172278907,POR_SETOR,PESCA ARTESANAL,,,2025,4
LinearRegression,ML Clássico,POR_SETOR,2118.32,2118.32,35.76,,,POR_SETOR,PESCA ARTESANAL,5923.0,8041.0,2025,4
DecisionTree,ML Clássico,POR_SETOR,442.82,442.82,7.48,,,POR_SETOR,PESCA ARTESANAL,5923.0,6366.0,2025,4
RandomForest,ML Moderno,POR_SETOR,356.07,356.07,6.01,,,POR_SETOR,PESCA ARTESANAL,5923.0,6279.0,2025,4
LightGBM,ML Moderno,POR_SETOR,1483.38,1483.38,25.04,,,POR_SETOR,PESCA ARTESANAL,5923.0,4440.0,2025,4
Naive,Baseline,POR_SETOR,126.0,126.0,2.13,,,POR_SETOR,PESCA ARTESANAL,5923.0,6049.0,2025,4
ARIMA,Estatístico,POR_SETOR,872.65,872.65,8.78,9944.0,10816.650942308905,POR_SETOR,ZONA CANAVIEIRA,,,2025,4
ETS,Estatístico,POR_SETOR,376.0,376.0,3.78,9944.0,9567.999885916697,POR_SETOR,ZONA CANAVIEIRA,,,2025,4
ETS_notrend,Estatístico,POR_SETOR,617.0,617.0,6.2,9944.0,10561.000014796855,POR_SETOR,ZONA CANAVIEIRA,,,2025,4
LinearRegression,ML Clássico,POR_SETOR,10802.5,10802.5,108.63,,,POR_SETOR,ZONA CANAVIEIRA,9944.0,-858.0,2025,4
DecisionTree,ML Clássico,POR_SETOR,1204.06,1204.06,12.11,,,POR_SETOR,ZONA CANAVIEIRA,9944.0,8740.0,2025,4
RandomForest,ML Moderno,POR_SETOR,467.99,467.99,4.71,,,POR_SETOR,ZONA CANAVIEIRA,9944.0,10412.0,2025,4
LightGBM,ML Moderno,POR_SETOR,1114.51,1114.51,11.21,,,POR_SETOR,ZONA CANAVIEIRA,9944.0,11059.0,2025,4
Naive,Baseline,POR_SETOR,2234.0,2234.0,22.47,,,POR_SETOR,ZONA CANAVIEIRA,9944.0,12178.0,2025,4
